{"16":{"ADDRESS":"4909 N CICERO AVE","VIOLATIONS":494031,"LATITUDE":41.97013474,"LONGITUDE":-87.7477238},"24":{"ADDRESS":"445 W 127TH","VIOLATIONS":466859,"LATITUDE":41.66317406,"LONGITUDE":-87.63352045},"31":{"ADDRESS":"536 E MORGAN DR","VIOLATIONS":361251,"LATITUDE":41.79349265,"LONGITUDE":-87.61187597},"37":{"ADDRESS":"4124 W FOSTER AVE","VIOLATIONS":347947,"LATITUDE":41.9756053,"LONGITUDE":-87.7316698},"157":{"ADDRESS":"10318 S INDIANAPOLIS","VIOLATIONS":337416,"LATITUDE":41.7075769,"LONGITUDE":-87.52984826},"50":{"ADDRESS":"2900 W OGDEN","VIOLATIONS":315989,"LATITUDE":41.86040786,"LONGITUDE":-87.6986721},"13":{"ADDRESS":"4831 W LAWRENCE AVE","VIOLATIONS":276069,"LATITUDE":41.96790233,"LONGITUDE":-87.74907898},"7":{"ADDRESS":"1142 W IRVING PARK","VIOLATIONS":262520,"LATITUDE":41.95454087,"LONGITUDE":-87.65857252},"55":{"ADDRESS":"2705 W IRVING PARK","VIOLATIONS":251488,"LATITUDE":41.95387527,"LONGITUDE":-87.69620409},"35":{"ADDRESS":"3843 S WESTERN","VIOLATIONS":223517,"LATITUDE":41.82356396,"LONGITUDE":-87.68472113},"48":{"ADDRESS":"3200 S ARCHER AVE","VIOLATIONS":196507,"LATITUDE":41.83595802,"LONGITUDE":-87.66879027},"26":{"ADDRESS":"5816 W JACKSON","VIOLATIONS":194284,"LATITUDE":41.87718941,"LONGITUDE":-87.7703695},"11":{"ADDRESS":"8020 W FOREST PRESERVE AV","VIOLATIONS":193472,"LATITUDE":41.94431883,"LONGITUDE":-87.82737828},"90":{"ADDRESS":"115 N OGDEN","VIOLATIONS":172839,"LATITUDE":41.88319152,"LONGITUDE":-87.6641147},"76":{"ADDRESS":"6909 S KEDZIE","VIOLATIONS":159607,"LATITUDE":41.76773187,"LONGITUDE":-87.70273791},"5":{"ADDRESS":"1315 W GARFIELD BLVD","VIOLATIONS":149854,"LATITUDE":41.79364509,"LONGITUDE":-87.65786076},"25":{"ADDRESS":"3137 W PETERSON","VIOLATIONS":148603,"LATITUDE":41.99028191,"LONGITUDE":-87.70824463},"95":{"ADDRESS":"5330 S COTTAGE GROVE","VIOLATIONS":146226,"LATITUDE":41.79770389,"LONGITUDE":-87.60644478},"58":{"ADDRESS":"6226 W IRVING PARK RD","VIOLATIONS":145444,"LATITUDE":41.95307483,"LONGITUDE":-87.78282554},"18":{"ADDRESS":"6523 N WESTERN","VIOLATIONS":144943,"LATITUDE":42.00025951,"LONGITUDE":-87.68980291},"2":{"ADDRESS":"2917 W ROOSEVELT","VIOLATIONS":138161,"LATITUDE":41.86636402,"LONGITUDE":-87.69914297},"28":{"ADDRESS":"2443 N ASHLAND","VIOLATIONS":137365,"LATITUDE":41.92641883,"LONGITUDE":-87.66804247},"39":{"ADDRESS":"5120 N PULASKI","VIOLATIONS":129165,"LATITUDE":41.97433266,"LONGITUDE":-87.72834702},"117":{"ADDRESS":"215 E 63RD ST","VIOLATIONS":124785,"LATITUDE":41.78005699,"LONGITUDE":-87.61975472},"29":{"ADDRESS":"6818 S KEDZIE","VIOLATIONS":123829,"LATITUDE":41.76927622,"LONGITUDE":-87.7030626},"42":{"ADDRESS":"8318 S ASHLAND AVE","VIOLATIONS":122699,"LATITUDE":41.74247386,"LONGITUDE":-87.66338548},"57":{"ADDRESS":"5454 W IRVING PARK","VIOLATIONS":122197,"LATITUDE":41.95332955,"LONGITUDE":-87.76426726},"93":{"ADDRESS":"3646 W MADISON","VIOLATIONS":117236,"LATITUDE":41.88093819,"LONGITUDE":-87.71789845},"121":{"ADDRESS":"1334 W GARFIELD BLVD","VIOLATIONS":104292,"LATITUDE":41.79422647,"LONGITUDE":-87.65871},"21":{"ADDRESS":"2912 W ROOSEVELT","VIOLATIONS":103743,"LATITUDE":41.86658528,"LONGITUDE":-87.69896238},"40":{"ADDRESS":"5471 W HIGGINS","VIOLATIONS":102825,"LATITUDE":41.96924715,"LONGITUDE":-87.76401945},"4":{"ADDRESS":"8345 S ASHLAND AVE","VIOLATIONS":95715,"LATITUDE":41.74174165,"LONGITUDE":-87.66307333},"46":{"ADDRESS":"9618 S EWING AVE","VIOLATIONS":95460,"LATITUDE":41.72075681,"LONGITUDE":-87.53543679},"20":{"ADDRESS":"5885 N RIDGE AVE","VIOLATIONS":93762,"LATITUDE":41.98890447,"LONGITUDE":-87.66845573},"72":{"ADDRESS":"1901 E 75TH ST","VIOLATIONS":87013,"LATITUDE":41.75874077,"LONGITUDE":-87.57851859},"110":{"ADDRESS":"2549 W ADDISON","VIOLATIONS":82297,"LATITUDE":41.94660782,"LONGITUDE":-87.69265244},"0":{"ADDRESS":"3100 W AUGUSTA","VIOLATIONS":81487,"LATITUDE":41.89932514,"LONGITUDE":-87.70452235},"49":{"ADDRESS":"140 N ASHLAND","VIOLATIONS":73917,"LATITUDE":41.8845142,"LONGITUDE":-87.66704209},"19":{"ADDRESS":"7422 S JEFFERY","VIOLATIONS":73853,"LATITUDE":41.76000551,"LONGITUDE":-87.57631298},"44":{"ADDRESS":"3034 W FOSTER","VIOLATIONS":71607,"LATITUDE":41.97588404,"LONGITUDE":-87.70480112},"81":{"ADDRESS":"5030 S PULASKI","VIOLATIONS":70872,"LATITUDE":41.80140191,"LONGITUDE":-87.7235446},"14":{"ADDRESS":"3655 W JACKSON","VIOLATIONS":70279,"LATITUDE":41.87707083,"LONGITUDE":-87.71816832},"33":{"ADDRESS":"4042 W NORTH AVE","VIOLATIONS":69390,"LATITUDE":41.90997243,"LONGITUDE":-87.72805041},"22":{"ADDRESS":"450 N COLUMBUS DR","VIOLATIONS":65074,"LATITUDE":41.89012235,"LONGITUDE":-87.6204614},"32":{"ADDRESS":"3047 W JACKSON BLVD","VIOLATIONS":63985,"LATITUDE":41.87724277,"LONGITUDE":-87.70295269},"127":{"ADDRESS":"1440 W CERMAK RD","VIOLATIONS":61077,"LATITUDE":41.85250181,"LONGITUDE":-87.66281032},"53":{"ADDRESS":"4433 N WESTERN","VIOLATIONS":59081,"LATITUDE":41.96231379,"LONGITUDE":-87.68856455},"9":{"ADDRESS":"2712 W IRVING PARK","VIOLATIONS":57596,"LATITUDE":41.95409266,"LONGITUDE":-87.6965965},"102":{"ADDRESS":"4707 W PETERSON AVE","VIOLATIONS":56568,"LATITUDE":41.98980767,"LONGITUDE":-87.7462258},"105":{"ADDRESS":"3534 N WESTERN","VIOLATIONS":55231,"LATITUDE":41.94596259,"LONGITUDE":-87.68838396},"52":{"ADDRESS":"324 S KEDZIE AVE","VIOLATIONS":54702,"LATITUDE":41.87659894,"LONGITUDE":-87.70614268},"17":{"ADDRESS":"62 E 95TH","VIOLATIONS":54497,"LATITUDE":41.7218785,"LONGITUDE":-87.62135433},"151":{"ADDRESS":"4843 W FULLERTON","VIOLATIONS":52866,"LATITUDE":41.92410633,"LONGITUDE":-87.74802266},"148":{"ADDRESS":"3521 N WESTERN","VIOLATIONS":51995,"LATITUDE":41.94557409,"LONGITUDE":-87.68807785},"1":{"ADDRESS":"3450 W 71ST","VIOLATIONS":51763,"LATITUDE":41.76439096,"LONGITUDE":-87.70972842},"67":{"ADDRESS":"5025 S WESTERN AVE","VIOLATIONS":50566,"LATITUDE":41.80217403,"LONGITUDE":-87.68410656},"77":{"ADDRESS":"7122 S SOUTH CHICAGO AVE","VIOLATIONS":49490,"LATITUDE":41.76530134,"LONGITUDE":-87.60498537},"51":{"ADDRESS":"2513 W 55TH","VIOLATIONS":49304,"LATITUDE":41.79370225,"LONGITUDE":-87.68724427},"23":{"ADDRESS":"2448 N CLYBOURN AVE","VIOLATIONS":49102,"LATITUDE":41.92615334,"LONGITUDE":-87.67093809},"36":{"ADDRESS":"1754 N PULASKI RD","VIOLATIONS":48365,"LATITUDE":41.91337483,"LONGITUDE":-87.7265886},"6":{"ADDRESS":"4053 W NORTH AVE","VIOLATIONS":47002,"LATITUDE":41.90974567,"LONGITUDE":-87.7285633},"108":{"ADDRESS":"6250 W FULLERTON","VIOLATIONS":46863,"LATITUDE":41.9238317,"LONGITUDE":-87.78264224},"106":{"ADDRESS":"6510 W BRYN MAWR AVE","VIOLATIONS":46798,"LATITUDE":41.98299453,"LONGITUDE":-87.79083209},"129":{"ADDRESS":"5006 S WESTERN BLVD","VIOLATIONS":45956,"LATITUDE":41.80270558,"LONGITUDE":-87.68384479},"134":{"ADDRESS":"141 N ASHLAND","VIOLATIONS":45836,"LATITUDE":41.88451741,"LONGITUDE":-87.66674835},"92":{"ADDRESS":"4040 W CHICAGO AVE","VIOLATIONS":44489,"LATITUDE":41.89544862,"LONGITUDE":-87.72765847},"87":{"ADDRESS":"4042 W ROOSEVELT RD","VIOLATIONS":42945,"LATITUDE":41.86625738,"LONGITUDE":-87.72687882},"125":{"ADDRESS":"2109 E 87TH ST","VIOLATIONS":42446,"LATITUDE":41.73698709,"LONGITUDE":-87.57290118},"103":{"ADDRESS":"4436 N WESTERN","VIOLATIONS":42347,"LATITUDE":41.96242185,"LONGITUDE":-87.68886228},"79":{"ADDRESS":"2416 W 103RD ST","VIOLATIONS":41667,"LATITUDE":41.7064872,"LONGITUDE":-87.68239106},"54":{"ADDRESS":"2080 W PERSHING","VIOLATIONS":40876,"LATITUDE":41.82318883,"LONGITUDE":-87.6773488},"86":{"ADDRESS":"1229 N WESTERN AVE","VIOLATIONS":40529,"LATITUDE":41.90387808,"LONGITUDE":-87.68690274},"133":{"ADDRESS":"629 S STATE","VIOLATIONS":40487,"LATITUDE":41.8738496,"LONGITUDE":-87.62744788},"144":{"ADDRESS":"6330 S MARTIN LUTHER KING","VIOLATIONS":38945,"LATITUDE":41.77929761,"LONGITUDE":-87.61574988},"27":{"ADDRESS":"6247 W FULLERTON","VIOLATIONS":38775,"LATITUDE":41.92361458,"LONGITUDE":-87.78247949},"3":{"ADDRESS":"3542 E 95TH ST","VIOLATIONS":38551,"LATITUDE":41.72304462,"LONGITUDE":-87.53704076},"68":{"ADDRESS":"7518 S VINCENNES","VIOLATIONS":38265,"LATITUDE":41.75749704,"LONGITUDE":-87.63183333},"10":{"ADDRESS":"515 S CENTRAL AVE","VIOLATIONS":37222,